MSE,RMSE,MAE,R2,AIC,BIC,scope,model,params
2.082592789783471e-28,1.443119118362539e-14,1.3618735768735254e-14,1.0,-378.4326137170893,-378.8490947786332,Global,Logarithmique,"{'a': np.float64(-3.000000000000003), 'b': np.float64(3.4893745583919037e-14)}"
1868.7701157709744,43.22927382886479,42.40344606541719,-107.09438462077563,49.19821480823933,48.78173374669544,Global,Puissance,"{'a': np.float64(6.9955006630631384), 'b': np.float64(0.15384051224673534)}"
7.152338874003841e-29,8.457150154752983e-15,8.289665250534503e-15,1.0,-382.8451696701999,-383.4698912625157,Global,Polynôme2,"{'a': np.float64(4.539135237185238e-16), 'b': np.float64(-3.0000000000000067), 'c': np.float64(3.19085642893135e-14)}"
4.210689469414295,2.051996459405887,1.7648872080552833,0.7564430835101714,12.625758422455682,12.209277360911791,Global,Linéaire,"{'a': np.float64(-0.0016116456348690311), 'b': np.float64(-17.417485636365434)}"
1.5934990285464438e-28,1.2623387138745463e-14,1.2434497875801753e-14,1.0,-252.0258014343733,-253.25321271213352,New York,Logarithmique,"{'a': np.float64(-2.999999999999996), 'b': np.float64(-3.0690215341523867e-14)}"
882.1581241582755,29.701146849208964,29.394860484670318,-195.29173929701435,31.129485276116924,29.902073998356705,New York,Puissance,"{'a': np.float64(5.2227497864410894), 'b': np.float64(0.20899447590397777)}"
4.890937612370273e-29,6.993523870246153e-15,6.217248937900877e-15,1.0,-254.75033468379775,-256.59145160043806,New York,Polynôme2,"{'a': np.float64(2.3187704342153354e-15), 'b': np.float64(-3.000000000000027), 'c': np.float64(7.105427357601002e-14)}"
0.2797976645119688,0.528959038595588,0.5205329047574847,0.9377413541696944,-1.0947542551056468,-2.3221655328658657,New York,Linéaire,"{'a': np.float64(-0.01959416925787806), 'b': np.float64(-11.395573035364997)}"
